{"nodes":null,"selection":null,"view":{"scroll":{"x":-241.387786865234375,"y":-147.82952880859375},"visible_rect":{"max":{"x":668.6121826171875,"y":622.17047119140625},"min":{"x":-241.387786865234375,"y":-147.82952880859375}},"zoom":1}}